"Reference","Qty","Value","Footprint","Manufacturer","MPN","Digikey","Description"
"A1","1","RaspberryPi Pico","Module:RaspberryPi_Pico_Common_Unspecified","Pimoroni","PIM724","1778-PIM724-ND","Pimoroni Pico Plus 2"
"ANT1","1","900MHz SMA","Connector_Coaxial:SMA_Molex_73251-1153_EdgeMount_Horizontal","Molex","0732511153","900-0732511153-ND","coaxial connector (BNC, SMA, SMB, SMC, Cinch/RCA, LEMO, ...)"
"C1,C2","2","10p","Capacitor_SMD:C_0805_2012Metric","Samsung Electro-Mechanics","CL21C100CBANNNC","1276-2561-1-ND","10pF 50V C0G/NP0 0805"
"C3,C5,C7,C10,C12","5","0.1u","Capacitor_SMD:C_0805_2012Metric","Samsung Electro-Mechanics","CL21B104KBCNNNC","1276-1003-1-ND","0.1uF 50V X7R 0805"
"C4,C6,C13","3","1u","Capacitor_SMD:C_0805_2012Metric","KEMET","C0805C105K3RACTU","399-C0805C105K3RACTUCT-ND","CAP CER 1UF 25V X7R 0805"
"C8,C9","2","22u","Capacitor_SMD:C_1206_3216Metric","Samsung Electro-Mechanics","CL31B226MPHNNNE","1276-3148-1-ND","22uF 10V X7R 1206"
"C11","1","10u","Capacitor_SMD:C_0805_2012Metric","Samsung Electro-Mechanics","CL21B106KOQNNNE","1276-2872-1-ND","CAP CER 10UF 16V X7R 0805"
"J1,J2","2","MicroFit_1x4","LEOS:Molex_MicroFit3.0_43650-0410_1x04_Horizontal","Molex","0436500409","WM1882CT-ND","Molex MicroFit3.0 1x4 Bus Connector"
"R2","1","10k","Resistor_SMD:R_0805_2012Metric","Vishay Dale","CRCW080510K0FKEA","541-10.0KCCT-ND","RES SMD 10K OHM 1% 1/8W 0805"
"U1","1","MCP2518FD","Package_SO:SOIC-14_3.9x8.7mm_P1.27mm","Microchip","MCP2518FDT-E/SL","MCP2518FDT-E/SLCT-ND ","External CAN FD Controller with SPI Interface"
"U2","1","MCP2562FD","Package_SO:SOIC-8_3.9x4.9mm_P1.27mm","Microchip","MCP2562FDT-H/SN","MCP2562FDT-E/SNCT-ND","High-Speed CAN Flexible Data Rate Transceiver"
"U3","1","E22-900M30S","LEOS:XCVR_E22-900M30S","","","","SX1262 868/915 MHz 1w SPI LoRa Module"
"Y1","1","40 MHz","Crystal:Crystal_SMD_2016-4Pin_2.0x1.6mm","ECS Inc,","ECS-400-10-37B2-CKY-TR","50-ECS-400-10-37B2-CKY-TRCT-ND","40 MHz ±10ppm Crystal 10pF 40 Ohms SMD2016"
